sig_behavior,lexicon,proportion
literal,0,0.0623914354408
literal,1,0.0561522918967
literal,2,0.0623914354408
literal,3,0.0839397243372
literal,4,0.0737493798848
literal,5,0.0695472875749
gricean,0,0.0623914354408
gricean,1,0.0561522918967
gricean,2,0.0623914354408
gricean,3,0.135707609649
gricean,4,0.141120857948
gricean,5,0.13406481505
